task,area of research,notable human research,1. Human Feasibility,2. Research Significance,3. Current AI Replaceability,4. AI Replaceability in 10 Years,5. Theoretical Maximum AI Replaceability,6. Specification Extractability,7. Parameter Explicitness,8. Execution Determinism,9. Tool-chain Maturity,10. Interpretive Judgement Load,11. Evaluation / Ground-Truth Availability,12. Robustness Tractability,13. Verification Cost,14. Human Feasibility - Explanation,15. Research Significance - Explanation,16. Current AI Replaceability - Explanation,17. AI Replaceability in 10 Years - Explanation,18. Theoretical Maximum AI Replaceability - Explanation,19. Specification Extractability - Explanation,20. Parameter Explicitness - Explanation,21. Execution Determinism - Explanation,22. Tool-chain Maturity - Explanation,23. Interpretive Judgement Load - Explanation,24. Evaluation / Ground-Truth Availability - Explanation,25. Robustness Tractability - Explanation,26. Verification Cost - Explanation
"Log-likelihood keyword extraction (node vs. reference corpus, explicit LL threshold and minimum frequency cut-off)",Keyword Analysis,"Dunning, T. (1993). Accurate methods for the statistics of surprise and coincidence. Computational Linguistics, 19(1), 61–74.",7,9,9,10,10,9,9,10,9,2,9,9,2,"Humans can perform this task through manual counting, though it is extremely tedious and time-consuming at scale.",This fundamental analytical procedure is a cornerstone of modern corpus linguistic methodology and discovery.,Current AI can easily generate and execute the scripts required for this highly structured and mathematical task.,"Within a decade, AI systems will flawlessly automate this task end-to-end with perfect accuracy.","Given no practical constraints, a perfectly rational AI could entirely replace a human for this defined analytical procedure.","The parameters and thresholds for this task are usually explicitly stated in methodology sections, making extraction straightforward.","Target literature standardly reports the exact mathematical parameters (e.g., spans, cut-offs) needed for replication.",This is a strictly mathematical and algorithmic procedure that guarantees identical outputs given identical inputs and parameters.,"Highly established, robust tools and standard libraries (e.g., AntConc, R packages) exist to execute this end-to-end.","This task is primarily statistical and computational, requiring minimal qualitative interpretation during the execution phase.",AI replication success can be objectively and mathematically verified against published word lists or statistical tables.,An AI can trivially loop through varying statistical thresholds and span parameters to systematically map finding sensitivity.,A human can quickly verify the output by checking standard statistical metrics and top-N lists against expectations.
BIC-based keyword ranking (BIC as association measure),Keyword Analysis,"Wilson, A. (2013). Embracing Bayes factors for key item analysis in corpus linguistics. In M. Bieswanger & A. Koll-Stobbe (Eds.), New approaches to the study of linguistic variability. Peter Lang.",8,9,7,9,10,7,7,10,9,2,9,9,2,This task relies on standard analytical procedures that are highly feasible for human researchers with adequate time.,This fundamental analytical procedure is a cornerstone of modern corpus linguistic methodology and discovery.,Current AI can handle the technical implementation but may require human guidance for precise theoretical parameterisation.,Future AI agents will likely master the standard parameters and contextual nuances needed to automate this reliably.,"Given no practical constraints, a perfectly rational AI could entirely replace a human for this defined analytical procedure.","Most published papers describe this method adequately enough for an AI to extract a workable, structured specification.","Literature usually reports the core parameters, though minor pre-processing steps may be omitted.",This is a strictly mathematical and algorithmic procedure that guarantees identical outputs given identical inputs and parameters.,"Highly established, robust tools and standard libraries (e.g., AntConc, R packages) exist to execute this end-to-end.","This task is primarily statistical and computational, requiring minimal qualitative interpretation during the execution phase.",AI replication success can be objectively and mathematically verified against published word lists or statistical tables.,An AI can trivially loop through varying statistical thresholds and span parameters to systematically map finding sensitivity.,A human can quickly verify the output by checking standard statistical metrics and top-N lists against expectations.
Multi-word keyword / n-gram keyness (bigrams or trigrams),Keyword Analysis,"O'Donnell, M. B. (2011). The adjusted frequency list: A method to produce cluster-sensitive frequency lists. ICAME Journal, 35, 135–169.",8,9,7,9,10,7,7,10,9,2,9,9,2,This task relies on standard analytical procedures that are highly feasible for human researchers with adequate time.,This fundamental analytical procedure is a cornerstone of modern corpus linguistic methodology and discovery.,Current AI can handle the technical implementation but may require human guidance for precise theoretical parameterisation.,Future AI agents will likely master the standard parameters and contextual nuances needed to automate this reliably.,"Given no practical constraints, a perfectly rational AI could entirely replace a human for this defined analytical procedure.","Most published papers describe this method adequately enough for an AI to extract a workable, structured specification.","Literature usually reports the core parameters, though minor pre-processing steps may be omitted.",This is a strictly mathematical and algorithmic procedure that guarantees identical outputs given identical inputs and parameters.,"Highly established, robust tools and standard libraries (e.g., AntConc, R packages) exist to execute this end-to-end.","This task is primarily statistical and computational, requiring minimal qualitative interpretation during the execution phase.",AI replication success can be objectively and mathematically verified against published word lists or statistical tables.,An AI can trivially loop through varying statistical thresholds and span parameters to systematically map finding sensitivity.,A human can quickly verify the output by checking standard statistical metrics and top-N lists against expectations.
"Semantic category keyword clustering (e.g., post-hoc USAS tagging)",Keyword Analysis,"Rayson, P. (2008). From key words to key semantic domains. International Journal of Corpus Linguistics, 13(4), 519–549.",8,9,4,6,10,5,4,4,9,9,9,9,2,This task relies on standard analytical procedures that are highly feasible for human researchers with adequate time.,This fundamental analytical procedure is a cornerstone of modern corpus linguistic methodology and discovery.,Current AI struggles with the nuanced contextual and cultural interpretation required for this meaning-driven analysis.,"While improving, highly subjective and deeply contextual human interpretation will remain challenging to fully automate.","Given no practical constraints, a perfectly rational AI could entirely replace a human for this defined analytical procedure.","Methodological descriptions for this task often lack explicit procedural steps, relying heavily on implicit researcher knowledge.",Authors often fail to explicitly document the qualitative coding criteria and subjective thresholds applied during the analysis.,"Execution relies on probabilistic models or subjective human judgment, meaning identical inputs rarely produce identical outputs.","Highly established, robust tools and standard libraries (e.g., AntConc, R packages) exist to execute this end-to-end.","The core of this task requires heavy contextual interpretation, theoretical reasoning, and qualitative human judgment.",AI replication success can be objectively and mathematically verified against published word lists or statistical tables.,An AI can trivially loop through varying statistical thresholds and span parameters to systematically map finding sensitivity.,A human can quickly verify the output by checking standard statistical metrics and top-N lists against expectations.
Diachronic keyword comparison (keyness across two time periods),Keyword Analysis,"Baker, P. (2011). Times may change, but we will always have money: Diachronic variation in recent British English. Journal of English Linguistics, 39(1), 65–88.",8,9,7,9,10,7,7,10,9,2,9,9,2,This task relies on standard analytical procedures that are highly feasible for human researchers with adequate time.,This fundamental analytical procedure is a cornerstone of modern corpus linguistic methodology and discovery.,Current AI can handle the technical implementation but may require human guidance for precise theoretical parameterisation.,Future AI agents will likely master the standard parameters and contextual nuances needed to automate this reliably.,"Given no practical constraints, a perfectly rational AI could entirely replace a human for this defined analytical procedure.","Most published papers describe this method adequately enough for an AI to extract a workable, structured specification.","Literature usually reports the core parameters, though minor pre-processing steps may be omitted.",This is a strictly mathematical and algorithmic procedure that guarantees identical outputs given identical inputs and parameters.,"Highly established, robust tools and standard libraries (e.g., AntConc, R packages) exist to execute this end-to-end.","This task is primarily statistical and computational, requiring minimal qualitative interpretation during the execution phase.",AI replication success can be objectively and mathematically verified against published word lists or statistical tables.,An AI can trivially loop through varying statistical thresholds and span parameters to systematically map finding sensitivity.,A human can quickly verify the output by checking standard statistical metrics and top-N lists against expectations.
"MI-based collocation with fixed window (±3 span, explicit frequency threshold)",Collocation Analysis,"Church, K. W., & Hanks, P. (1990). Word association norms, mutual information, and lexicography. Computational Linguistics, 16(1), 22–29.",8,9,9,10,10,9,9,10,9,2,9,9,2,This task relies on standard analytical procedures that are highly feasible for human researchers with adequate time.,This fundamental analytical procedure is a cornerstone of modern corpus linguistic methodology and discovery.,Current AI can easily generate and execute the scripts required for this highly structured and mathematical task.,"Within a decade, AI systems will flawlessly automate this task end-to-end with perfect accuracy.","Given no practical constraints, a perfectly rational AI could entirely replace a human for this defined analytical procedure.","The parameters and thresholds for this task are usually explicitly stated in methodology sections, making extraction straightforward.","Target literature standardly reports the exact mathematical parameters (e.g., spans, cut-offs) needed for replication.",This is a strictly mathematical and algorithmic procedure that guarantees identical outputs given identical inputs and parameters.,"Highly established, robust tools and standard libraries (e.g., AntConc, R packages) exist to execute this end-to-end.","This task is primarily statistical and computational, requiring minimal qualitative interpretation during the execution phase.",AI replication success can be objectively and mathematically verified against published word lists or statistical tables.,An AI can trivially loop through varying statistical thresholds and span parameters to systematically map finding sensitivity.,A human can quickly verify the output by checking standard statistical metrics and top-N lists against expectations.
Log-Dice collocation ranking (±5 span),Collocation Analysis,"Rychlý, P. (2008). A lexicographer-friendly association score. In Proceedings of RASLAN 2008 (pp. 6–9). Masaryk University.",8,9,9,10,10,9,9,10,9,2,9,9,2,This task relies on standard analytical procedures that are highly feasible for human researchers with adequate time.,This fundamental analytical procedure is a cornerstone of modern corpus linguistic methodology and discovery.,Current AI can easily generate and execute the scripts required for this highly structured and mathematical task.,"Within a decade, AI systems will flawlessly automate this task end-to-end with perfect accuracy.","Given no practical constraints, a perfectly rational AI could entirely replace a human for this defined analytical procedure.","The parameters and thresholds for this task are usually explicitly stated in methodology sections, making extraction straightforward.","Target literature standardly reports the exact mathematical parameters (e.g., spans, cut-offs) needed for replication.",This is a strictly mathematical and algorithmic procedure that guarantees identical outputs given identical inputs and parameters.,"Highly established, robust tools and standard libraries (e.g., AntConc, R packages) exist to execute this end-to-end.","This task is primarily statistical and computational, requiring minimal qualitative interpretation during the execution phase.",AI replication success can be objectively and mathematically verified against published word lists or statistical tables.,An AI can trivially loop through varying statistical thresholds and span parameters to systematically map finding sensitivity.,A human can quickly verify the output by checking standard statistical metrics and top-N lists against expectations.
"Asymmetric window collocation (e.g., L3R1 non-symmetric span)",Collocation Analysis,"Brezina, V., McEnery, T., & Wattam, S. (2015). Collocations in context: A new perspective on collocation networks. International Journal of Corpus Linguistics, 20(2), 139–173.",8,9,9,10,10,9,9,10,9,2,9,9,2,This task relies on standard analytical procedures that are highly feasible for human researchers with adequate time.,This fundamental analytical procedure is a cornerstone of modern corpus linguistic methodology and discovery.,Current AI can easily generate and execute the scripts required for this highly structured and mathematical task.,"Within a decade, AI systems will flawlessly automate this task end-to-end with perfect accuracy.","Given no practical constraints, a perfectly rational AI could entirely replace a human for this defined analytical procedure.","The parameters and thresholds for this task are usually explicitly stated in methodology sections, making extraction straightforward.","Target literature standardly reports the exact mathematical parameters (e.g., spans, cut-offs) needed for replication.",This is a strictly mathematical and algorithmic procedure that guarantees identical outputs given identical inputs and parameters.,"Highly established, robust tools and standard libraries (e.g., AntConc, R packages) exist to execute this end-to-end.","This task is primarily statistical and computational, requiring minimal qualitative interpretation during the execution phase.",AI replication success can be objectively and mathematically verified against published word lists or statistical tables.,An AI can trivially loop through varying statistical thresholds and span parameters to systematically map finding sensitivity.,A human can quickly verify the output by checking standard statistical metrics and top-N lists against expectations.
Collocational profile comparison across registers,Collocation Analysis,"Xiao, R., & McEnery, T. (2006). Collocation, semantic prosody, and near synonymy: A cross-linguistic perspective. Applied Linguistics, 27(1), 103–129.",8,9,9,10,10,7,7,10,9,2,9,9,2,This task relies on standard analytical procedures that are highly feasible for human researchers with adequate time.,This fundamental analytical procedure is a cornerstone of modern corpus linguistic methodology and discovery.,Current AI can easily generate and execute the scripts required for this highly structured and mathematical task.,"Within a decade, AI systems will flawlessly automate this task end-to-end with perfect accuracy.","Given no practical constraints, a perfectly rational AI could entirely replace a human for this defined analytical procedure.","Most published papers describe this method adequately enough for an AI to extract a workable, structured specification.","Literature usually reports the core parameters, though minor pre-processing steps may be omitted.",This is a strictly mathematical and algorithmic procedure that guarantees identical outputs given identical inputs and parameters.,"Highly established, robust tools and standard libraries (e.g., AntConc, R packages) exist to execute this end-to-end.","This task is primarily statistical and computational, requiring minimal qualitative interpretation during the execution phase.",AI replication success can be objectively and mathematically verified against published word lists or statistical tables.,An AI can trivially loop through varying statistical thresholds and span parameters to systematically map finding sensitivity.,A human can quickly verify the output by checking standard statistical metrics and top-N lists against expectations.
Second-order collocation (collocation of collocates),Collocation Analysis,"Williams, G. (1998). Collocational networks: Interlocking patterns of lexis in a corpus of plant biology research articles. International Journal of Corpus Linguistics, 3(1), 151–171.",8,9,9,10,10,7,7,10,9,2,9,9,2,This task relies on standard analytical procedures that are highly feasible for human researchers with adequate time.,This fundamental analytical procedure is a cornerstone of modern corpus linguistic methodology and discovery.,Current AI can easily generate and execute the scripts required for this highly structured and mathematical task.,"Within a decade, AI systems will flawlessly automate this task end-to-end with perfect accuracy.","Given no practical constraints, a perfectly rational AI could entirely replace a human for this defined analytical procedure.","Most published papers describe this method adequately enough for an AI to extract a workable, structured specification.","Literature usually reports the core parameters, though minor pre-processing steps may be omitted.",This is a strictly mathematical and algorithmic procedure that guarantees identical outputs given identical inputs and parameters.,"Highly established, robust tools and standard libraries (e.g., AntConc, R packages) exist to execute this end-to-end.","This task is primarily statistical and computational, requiring minimal qualitative interpretation during the execution phase.",AI replication success can be objectively and mathematically verified against published word lists or statistical tables.,An AI can trivially loop through varying statistical thresholds and span parameters to systematically map finding sensitivity.,A human can quickly verify the output by checking standard statistical metrics and top-N lists against expectations.
DP-based dispersion analysis (Gries's Deviation of Proportions),Dispersion & Distribution,"Gries, S. Th. (2008). Dispersions and adjusted frequencies in corpora. International Journal of Corpus Linguistics, 13(4), 403–437.",8,8,7,9,10,7,7,10,7,5,7,7,5,This task relies on standard analytical procedures that are highly feasible for human researchers with adequate time.,"This procedure provides standard, significant quantitative evidence essential for empirical claims in this specific sub-field.",Current AI can handle the technical implementation but may require human guidance for precise theoretical parameterisation.,Future AI agents will likely master the standard parameters and contextual nuances needed to automate this reliably.,"Given no practical constraints, a perfectly rational AI could entirely replace a human for this defined analytical procedure.","Most published papers describe this method adequately enough for an AI to extract a workable, structured specification.","Literature usually reports the core parameters, though minor pre-processing steps may be omitted.",This is a strictly mathematical and algorithmic procedure that guarantees identical outputs given identical inputs and parameters.,"Established scripts and packages are available, though they may require some custom configuration for this specific task.",The task involves a balance of automated statistical calculation and subsequent qualitative human review.,"Replication can largely be evaluated against published results, though minor discrepancies in tokenisation may complicate exact matching.","The AI can systematically alter primary parameters, though some complex pre-processing variations might be intractable.",Auditing the AI's output requires a moderate amount of human time to check both the statistical results and the underlying logic.
Juilland's D comparison across registers,Dispersion & Distribution,"Juilland, A., & Chang-Rodriguez, E. (1964). Frequency dictionary of Spanish words. Mouton.",8,8,7,9,10,7,7,10,7,5,7,7,5,This task relies on standard analytical procedures that are highly feasible for human researchers with adequate time.,"This procedure provides standard, significant quantitative evidence essential for empirical claims in this specific sub-field.",Current AI can handle the technical implementation but may require human guidance for precise theoretical parameterisation.,Future AI agents will likely master the standard parameters and contextual nuances needed to automate this reliably.,"Given no practical constraints, a perfectly rational AI could entirely replace a human for this defined analytical procedure.","Most published papers describe this method adequately enough for an AI to extract a workable, structured specification.","Literature usually reports the core parameters, though minor pre-processing steps may be omitted.",This is a strictly mathematical and algorithmic procedure that guarantees identical outputs given identical inputs and parameters.,"Established scripts and packages are available, though they may require some custom configuration for this specific task.",The task involves a balance of automated statistical calculation and subsequent qualitative human review.,"Replication can largely be evaluated against published results, though minor discrepancies in tokenisation may complicate exact matching.","The AI can systematically alter primary parameters, though some complex pre-processing variations might be intractable.",Auditing the AI's output requires a moderate amount of human time to check both the statistical results and the underlying logic.
Frequency vs. dispersion trade-off mapping,Dispersion & Distribution,"Gries, S. Th. (2020). Analyzing dispersion. In M. Paquot & S. Th. Gries (Eds.), A practical handbook of corpus linguistics. Springer.",8,8,9,10,10,7,7,10,9,2,9,9,2,This task relies on standard analytical procedures that are highly feasible for human researchers with adequate time.,"This procedure provides standard, significant quantitative evidence essential for empirical claims in this specific sub-field.",Current AI can easily generate and execute the scripts required for this highly structured and mathematical task.,"Within a decade, AI systems will flawlessly automate this task end-to-end with perfect accuracy.","Given no practical constraints, a perfectly rational AI could entirely replace a human for this defined analytical procedure.","Most published papers describe this method adequately enough for an AI to extract a workable, structured specification.","Literature usually reports the core parameters, though minor pre-processing steps may be omitted.",This is a strictly mathematical and algorithmic procedure that guarantees identical outputs given identical inputs and parameters.,"Highly established, robust tools and standard libraries (e.g., AntConc, R packages) exist to execute this end-to-end.","This task is primarily statistical and computational, requiring minimal qualitative interpretation during the execution phase.",AI replication success can be objectively and mathematically verified against published word lists or statistical tables.,An AI can trivially loop through varying statistical thresholds and span parameters to systematically map finding sensitivity.,A human can quickly verify the output by checking standard statistical metrics and top-N lists against expectations.
CQL/CQP concordance search with explicit query string,Corpus-Based Grammar / Pattern,"Evert, S., & Hardie, A. (2011). Twenty-first century Corpus Workbench: Updating a query architecture for the new millennium. In Proceedings of the Corpus Linguistics 2011 Conference. University of Birmingham.",8,8,9,10,10,9,7,10,9,5,7,7,5,This task relies on standard analytical procedures that are highly feasible for human researchers with adequate time.,"This procedure provides standard, significant quantitative evidence essential for empirical claims in this specific sub-field.",Current AI can easily generate and execute the scripts required for this highly structured and mathematical task.,"Within a decade, AI systems will flawlessly automate this task end-to-end with perfect accuracy.","Given no practical constraints, a perfectly rational AI could entirely replace a human for this defined analytical procedure.","The parameters and thresholds for this task are usually explicitly stated in methodology sections, making extraction straightforward.","Literature usually reports the core parameters, though minor pre-processing steps may be omitted.",This is a strictly mathematical and algorithmic procedure that guarantees identical outputs given identical inputs and parameters.,"Highly established, robust tools and standard libraries (e.g., AntConc, R packages) exist to execute this end-to-end.",The task involves a balance of automated statistical calculation and subsequent qualitative human review.,"Replication can largely be evaluated against published results, though minor discrepancies in tokenisation may complicate exact matching.","The AI can systematically alter primary parameters, though some complex pre-processing variations might be intractable.",Auditing the AI's output requires a moderate amount of human time to check both the statistical results and the underlying logic.
Lexico-grammatical pattern extraction via dependency parsing (SVO triples),Corpus-Based Grammar / Pattern,"Mason, O., & Hunston, S. (2004). The automatic recognition of verb patterns: A feasibility study. International Journal of Corpus Linguistics, 9(2), 253–270.",7,8,9,10,10,7,7,10,7,5,7,7,5,"Humans can perform this task through manual counting, though it is extremely tedious and time-consuming at scale.","This procedure provides standard, significant quantitative evidence essential for empirical claims in this specific sub-field.",Current AI can easily generate and execute the scripts required for this highly structured and mathematical task.,"Within a decade, AI systems will flawlessly automate this task end-to-end with perfect accuracy.","Given no practical constraints, a perfectly rational AI could entirely replace a human for this defined analytical procedure.","Most published papers describe this method adequately enough for an AI to extract a workable, structured specification.","Literature usually reports the core parameters, though minor pre-processing steps may be omitted.",This is a strictly mathematical and algorithmic procedure that guarantees identical outputs given identical inputs and parameters.,"Established scripts and packages are available, though they may require some custom configuration for this specific task.",The task involves a balance of automated statistical calculation and subsequent qualitative human review.,"Replication can largely be evaluated against published results, though minor discrepancies in tokenisation may complicate exact matching.","The AI can systematically alter primary parameters, though some complex pre-processing variations might be intractable.",Auditing the AI's output requires a moderate amount of human time to check both the statistical results and the underlying logic.
Constructional frequency profiling (syntactic construction counts across genres),Corpus-Based Grammar / Pattern,"Stefanowitsch, A. (2013). Collostructional analysis. In T. Hoffmann & G. Trousdale (Eds.), The Oxford handbook of construction grammar. Oxford University Press.",7,8,9,10,10,7,7,10,9,2,9,9,2,"Humans can perform this task through manual counting, though it is extremely tedious and time-consuming at scale.","This procedure provides standard, significant quantitative evidence essential for empirical claims in this specific sub-field.",Current AI can easily generate and execute the scripts required for this highly structured and mathematical task.,"Within a decade, AI systems will flawlessly automate this task end-to-end with perfect accuracy.","Given no practical constraints, a perfectly rational AI could entirely replace a human for this defined analytical procedure.","Most published papers describe this method adequately enough for an AI to extract a workable, structured specification.","Literature usually reports the core parameters, though minor pre-processing steps may be omitted.",This is a strictly mathematical and algorithmic procedure that guarantees identical outputs given identical inputs and parameters.,"Highly established, robust tools and standard libraries (e.g., AntConc, R packages) exist to execute this end-to-end.","This task is primarily statistical and computational, requiring minimal qualitative interpretation during the execution phase.",AI replication success can be objectively and mathematically verified against published word lists or statistical tables.,An AI can trivially loop through varying statistical thresholds and span parameters to systematically map finding sensitivity.,A human can quickly verify the output by checking standard statistical metrics and top-N lists against expectations.
Semantic prosody assessment via concordance sampling,Corpus-Assisted Discourse Studies,"Louw, B. (1993). Irony in the text or insincerity in the writer? The diagnostic potential of semantic prosodies. In M. Baker, G. Francis, & E. Tognini-Bonelli (Eds.), Text and technology (pp. 157–176). John Benjamins.",8,8,4,6,10,5,4,4,9,9,7,7,8,This task relies on standard analytical procedures that are highly feasible for human researchers with adequate time.,"This procedure provides standard, significant quantitative evidence essential for empirical claims in this specific sub-field.",Current AI struggles with the nuanced contextual and cultural interpretation required for this meaning-driven analysis.,"While improving, highly subjective and deeply contextual human interpretation will remain challenging to fully automate.","Given no practical constraints, a perfectly rational AI could entirely replace a human for this defined analytical procedure.","Methodological descriptions for this task often lack explicit procedural steps, relying heavily on implicit researcher knowledge.",Authors often fail to explicitly document the qualitative coding criteria and subjective thresholds applied during the analysis.,"Execution relies on probabilistic models or subjective human judgment, meaning identical inputs rarely produce identical outputs.","Highly established, robust tools and standard libraries (e.g., AntConc, R packages) exist to execute this end-to-end.","The core of this task requires heavy contextual interpretation, theoretical reasoning, and qualitative human judgment.","Replication can largely be evaluated against published results, though minor discrepancies in tokenisation may complicate exact matching.","The AI can systematically alter primary parameters, though some complex pre-processing variations might be intractable.",Verifying the output requires extensive human time to manually re-read texts and audit complex qualitative coding decisions.
Discourse preference profiling (co-occurrence of evaluative lexis around a target),Corpus-Assisted Discourse Studies,"Partington, A., Duguid, A., & Taylor, C. (2013). Patterns and meanings in discourse: Theory and practice in corpus-assisted discourse studies (CADS). John Benjamins.",7,8,4,6,8,5,7,10,5,9,4,3,8,"Humans can perform this task through manual counting, though it is extremely tedious and time-consuming at scale.","This procedure provides standard, significant quantitative evidence essential for empirical claims in this specific sub-field.",Current AI struggles with the nuanced contextual and cultural interpretation required for this meaning-driven analysis.,"While improving, highly subjective and deeply contextual human interpretation will remain challenging to fully automate.","Subjective interpretation of meaning and communicative intent inherently limits absolute, theoretically perfect AI replacement.","Methodological descriptions for this task often lack explicit procedural steps, relying heavily on implicit researcher knowledge.","Literature usually reports the core parameters, though minor pre-processing steps may be omitted.",This is a strictly mathematical and algorithmic procedure that guarantees identical outputs given identical inputs and parameters.,"Software tools exist for data management, but the core analytical steps lack mature, fully automated tool-chains.","The core of this task requires heavy contextual interpretation, theoretical reasoning, and qualitative human judgment.","Ground truth is highly subjective, making it difficult to objectively measure replication success without inter-rater reliability metrics.",Systematic parameter variation is computationally difficult because the task relies on rigid qualitative coding frameworks rather than numerical variables.,Verifying the output requires extensive human time to manually re-read texts and audit complex qualitative coding decisions.
Overuse/underuse analysis in learner corpus (%DIFF or odds ratio vs. native reference),Learner Corpus,"Granger, S. (1998). The computer learner corpus: A versatile new source of data for SLA research. In S. Granger (Ed.), Learner English on computer (pp. 3–18). Addison Wesley Longman.",8,8,7,9,10,7,7,10,7,5,7,7,5,This task relies on standard analytical procedures that are highly feasible for human researchers with adequate time.,"This procedure provides standard, significant quantitative evidence essential for empirical claims in this specific sub-field.",Current AI can handle the technical implementation but may require human guidance for precise theoretical parameterisation.,Future AI agents will likely master the standard parameters and contextual nuances needed to automate this reliably.,"Given no practical constraints, a perfectly rational AI could entirely replace a human for this defined analytical procedure.","Most published papers describe this method adequately enough for an AI to extract a workable, structured specification.","Literature usually reports the core parameters, though minor pre-processing steps may be omitted.",This is a strictly mathematical and algorithmic procedure that guarantees identical outputs given identical inputs and parameters.,"Established scripts and packages are available, though they may require some custom configuration for this specific task.",The task involves a balance of automated statistical calculation and subsequent qualitative human review.,"Replication can largely be evaluated against published results, though minor discrepancies in tokenisation may complicate exact matching.","The AI can systematically alter primary parameters, though some complex pre-processing variations might be intractable.",Auditing the AI's output requires a moderate amount of human time to check both the statistical results and the underlying logic.
Error-tagged frequency profiling (tagged error categories across L1 groups),Learner Corpus,"Dagneaux, E., Denness, S., & Granger, S. (1998). Computer-aided error analysis. System, 26(2), 163–174.",7,8,9,10,10,7,7,10,9,2,9,9,2,"Humans can perform this task through manual counting, though it is extremely tedious and time-consuming at scale.","This procedure provides standard, significant quantitative evidence essential for empirical claims in this specific sub-field.",Current AI can easily generate and execute the scripts required for this highly structured and mathematical task.,"Within a decade, AI systems will flawlessly automate this task end-to-end with perfect accuracy.","Given no practical constraints, a perfectly rational AI could entirely replace a human for this defined analytical procedure.","Most published papers describe this method adequately enough for an AI to extract a workable, structured specification.","Literature usually reports the core parameters, though minor pre-processing steps may be omitted.",This is a strictly mathematical and algorithmic procedure that guarantees identical outputs given identical inputs and parameters.,"Highly established, robust tools and standard libraries (e.g., AntConc, R packages) exist to execute this end-to-end.","This task is primarily statistical and computational, requiring minimal qualitative interpretation during the execution phase.",AI replication success can be objectively and mathematically verified against published word lists or statistical tables.,An AI can trivially loop through varying statistical thresholds and span parameters to systematically map finding sensitivity.,A human can quickly verify the output by checking standard statistical metrics and top-N lists against expectations.
Burrows's Delta authorship attribution (most-frequent-word profiles),Corpus Stylistics,"Burrows, J. (2002). 'Delta': A measure of stylistic difference and a guide to likely authorship. Literary and Linguistic Computing, 17(3), 267–287.",8,8,7,9,10,7,7,10,7,5,7,7,5,This task relies on standard analytical procedures that are highly feasible for human researchers with adequate time.,"This procedure provides standard, significant quantitative evidence essential for empirical claims in this specific sub-field.",Current AI can handle the technical implementation but may require human guidance for precise theoretical parameterisation.,Future AI agents will likely master the standard parameters and contextual nuances needed to automate this reliably.,"Given no practical constraints, a perfectly rational AI could entirely replace a human for this defined analytical procedure.","Most published papers describe this method adequately enough for an AI to extract a workable, structured specification.","Literature usually reports the core parameters, though minor pre-processing steps may be omitted.",This is a strictly mathematical and algorithmic procedure that guarantees identical outputs given identical inputs and parameters.,"Established scripts and packages are available, though they may require some custom configuration for this specific task.",The task involves a balance of automated statistical calculation and subsequent qualitative human review.,"Replication can largely be evaluated against published results, though minor discrepancies in tokenisation may complicate exact matching.","The AI can systematically alter primary parameters, though some complex pre-processing variations might be intractable.",Auditing the AI's output requires a moderate amount of human time to check both the statistical results and the underlying logic.
Foregrounding frequency profiling (statistically deviant lexical choices vs. genre norm),Corpus Stylistics,"Stubbs, M. (2005). Conrad in the computer: Examples of quantitative stylistic methods. Language and Literature, 14(1), 5–24.",7,8,9,10,10,7,7,10,9,2,9,9,2,"Humans can perform this task through manual counting, though it is extremely tedious and time-consuming at scale.","This procedure provides standard, significant quantitative evidence essential for empirical claims in this specific sub-field.",Current AI can easily generate and execute the scripts required for this highly structured and mathematical task.,"Within a decade, AI systems will flawlessly automate this task end-to-end with perfect accuracy.","Given no practical constraints, a perfectly rational AI could entirely replace a human for this defined analytical procedure.","Most published papers describe this method adequately enough for an AI to extract a workable, structured specification.","Literature usually reports the core parameters, though minor pre-processing steps may be omitted.",This is a strictly mathematical and algorithmic procedure that guarantees identical outputs given identical inputs and parameters.,"Highly established, robust tools and standard libraries (e.g., AntConc, R packages) exist to execute this end-to-end.","This task is primarily statistical and computational, requiring minimal qualitative interpretation during the execution phase.",AI replication success can be objectively and mathematically verified against published word lists or statistical tables.,An AI can trivially loop through varying statistical thresholds and span parameters to systematically map finding sensitivity.,A human can quickly verify the output by checking standard statistical metrics and top-N lists against expectations.
COHA/COCA diachronic frequency trajectory (normalised frequency across decades),Diachronic / Historical Corpus,"Davies, M. (2012). Expanding horizons in historical linguistics with the 400-million word Corpus of Historical American English. Corpora, 7(2), 121–157.",8,8,9,10,10,7,7,10,9,2,9,9,2,This task relies on standard analytical procedures that are highly feasible for human researchers with adequate time.,"This procedure provides standard, significant quantitative evidence essential for empirical claims in this specific sub-field.",Current AI can easily generate and execute the scripts required for this highly structured and mathematical task.,"Within a decade, AI systems will flawlessly automate this task end-to-end with perfect accuracy.","Given no practical constraints, a perfectly rational AI could entirely replace a human for this defined analytical procedure.","Most published papers describe this method adequately enough for an AI to extract a workable, structured specification.","Literature usually reports the core parameters, though minor pre-processing steps may be omitted.",This is a strictly mathematical and algorithmic procedure that guarantees identical outputs given identical inputs and parameters.,"Highly established, robust tools and standard libraries (e.g., AntConc, R packages) exist to execute this end-to-end.","This task is primarily statistical and computational, requiring minimal qualitative interpretation during the execution phase.",AI replication success can be objectively and mathematically verified against published word lists or statistical tables.,An AI can trivially loop through varying statistical thresholds and span parameters to systematically map finding sensitivity.,A human can quickly verify the output by checking standard statistical metrics and top-N lists against expectations.
Semantic change detection via co-occurrence shift,Diachronic / Historical Corpus,"Hamilton, W. L., Leskovec, J., & Jurafsky, D. (2016). Diachronic word embeddings reveal statistical laws of semantic change. In Proceedings of ACL 2016.",7,8,4,6,10,5,4,4,7,9,7,7,8,"Humans can perform this task through manual counting, though it is extremely tedious and time-consuming at scale.","This procedure provides standard, significant quantitative evidence essential for empirical claims in this specific sub-field.",Current AI struggles with the nuanced contextual and cultural interpretation required for this meaning-driven analysis.,"While improving, highly subjective and deeply contextual human interpretation will remain challenging to fully automate.","Given no practical constraints, a perfectly rational AI could entirely replace a human for this defined analytical procedure.","Methodological descriptions for this task often lack explicit procedural steps, relying heavily on implicit researcher knowledge.",Authors often fail to explicitly document the qualitative coding criteria and subjective thresholds applied during the analysis.,"Execution relies on probabilistic models or subjective human judgment, meaning identical inputs rarely produce identical outputs.","Established scripts and packages are available, though they may require some custom configuration for this specific task.","The core of this task requires heavy contextual interpretation, theoretical reasoning, and qualitative human judgment.","Replication can largely be evaluated against published results, though minor discrepancies in tokenisation may complicate exact matching.","The AI can systematically alter primary parameters, though some complex pre-processing variations might be intractable.",Verifying the output requires extensive human time to manually re-read texts and audit complex qualitative coding decisions.
Biber-style factor score computation (weighted linguistic feature counts),Multi-Dimensional Analysis,"Biber, D. (1988). Variation across speech and writing. Cambridge University Press.",4,9,7,9,10,7,7,10,7,5,7,7,5,Human computation of complex multidimensional models or large-scale topic modelling is practically infeasible without computational tools.,This task forms the methodological core of highly influential and widely cited approaches in corpus linguistics.,Current AI can handle the technical implementation but may require human guidance for precise theoretical parameterisation.,Future AI agents will likely master the standard parameters and contextual nuances needed to automate this reliably.,"Given no practical constraints, a perfectly rational AI could entirely replace a human for this defined analytical procedure.","Most published papers describe this method adequately enough for an AI to extract a workable, structured specification.","Literature usually reports the core parameters, though minor pre-processing steps may be omitted.",This is a strictly mathematical and algorithmic procedure that guarantees identical outputs given identical inputs and parameters.,"Established scripts and packages are available, though they may require some custom configuration for this specific task.",The task involves a balance of automated statistical calculation and subsequent qualitative human review.,"Replication can largely be evaluated against published results, though minor discrepancies in tokenisation may complicate exact matching.","The AI can systematically alter primary parameters, though some complex pre-processing variations might be intractable.",Auditing the AI's output requires a moderate amount of human time to check both the statistical results and the underlying logic.
"Register comparison via MD dimension scores (e.g., Dimension 1: Involved vs. Informational)",Multi-Dimensional Analysis,"Biber, D., & Conrad, S. (2009). Register, genre, and style. Cambridge University Press.",8,9,7,9,10,7,7,10,7,5,7,7,5,This task relies on standard analytical procedures that are highly feasible for human researchers with adequate time.,This task forms the methodological core of highly influential and widely cited approaches in corpus linguistics.,Current AI can handle the technical implementation but may require human guidance for precise theoretical parameterisation.,Future AI agents will likely master the standard parameters and contextual nuances needed to automate this reliably.,"Given no practical constraints, a perfectly rational AI could entirely replace a human for this defined analytical procedure.","Most published papers describe this method adequately enough for an AI to extract a workable, structured specification.","Literature usually reports the core parameters, though minor pre-processing steps may be omitted.",This is a strictly mathematical and algorithmic procedure that guarantees identical outputs given identical inputs and parameters.,"Established scripts and packages are available, though they may require some custom configuration for this specific task.",The task involves a balance of automated statistical calculation and subsequent qualitative human review.,"Replication can largely be evaluated against published results, though minor discrepancies in tokenisation may complicate exact matching.","The AI can systematically alter primary parameters, though some complex pre-processing variations might be intractable.",Auditing the AI's output requires a moderate amount of human time to check both the statistical results and the underlying logic.
Filled pause frequency profiling (uh/um tokens per 1000 words across speaker groups),Corpus Phonology / Spoken Corpus,"Tottie, G. (2011). Uh and um as sociolinguistic markers in British English. International Journal of Corpus Linguistics, 16(2), 173–197.",7,8,9,10,10,7,7,10,9,2,9,9,2,"Humans can perform this task through manual counting, though it is extremely tedious and time-consuming at scale.","This procedure provides standard, significant quantitative evidence essential for empirical claims in this specific sub-field.",Current AI can easily generate and execute the scripts required for this highly structured and mathematical task.,"Within a decade, AI systems will flawlessly automate this task end-to-end with perfect accuracy.","Given no practical constraints, a perfectly rational AI could entirely replace a human for this defined analytical procedure.","Most published papers describe this method adequately enough for an AI to extract a workable, structured specification.","Literature usually reports the core parameters, though minor pre-processing steps may be omitted.",This is a strictly mathematical and algorithmic procedure that guarantees identical outputs given identical inputs and parameters.,"Highly established, robust tools and standard libraries (e.g., AntConc, R packages) exist to execute this end-to-end.","This task is primarily statistical and computational, requiring minimal qualitative interpretation during the execution phase.",AI replication success can be objectively and mathematically verified against published word lists or statistical tables.,An AI can trivially loop through varying statistical thresholds and span parameters to systematically map finding sensitivity.,A human can quickly verify the output by checking standard statistical metrics and top-N lists against expectations.
Turn-taking pattern frequency analysis (overlap and latency distributions),Corpus Phonology / Spoken Corpus,"Stivers, T., Enfield, N. J., Brown, P., Englert, C., Hayashi, M., Heinemann, T., … Levinson, S. C. (2009). Universals and cultural variation in turn-taking in conversation. PNAS, 106(26), 10587–10592.",8,8,9,10,10,7,7,10,9,2,9,9,2,This task relies on standard analytical procedures that are highly feasible for human researchers with adequate time.,"This procedure provides standard, significant quantitative evidence essential for empirical claims in this specific sub-field.",Current AI can easily generate and execute the scripts required for this highly structured and mathematical task.,"Within a decade, AI systems will flawlessly automate this task end-to-end with perfect accuracy.","Given no practical constraints, a perfectly rational AI could entirely replace a human for this defined analytical procedure.","Most published papers describe this method adequately enough for an AI to extract a workable, structured specification.","Literature usually reports the core parameters, though minor pre-processing steps may be omitted.",This is a strictly mathematical and algorithmic procedure that guarantees identical outputs given identical inputs and parameters.,"Highly established, robust tools and standard libraries (e.g., AntConc, R packages) exist to execute this end-to-end.","This task is primarily statistical and computational, requiring minimal qualitative interpretation during the execution phase.",AI replication success can be objectively and mathematically verified against published word lists or statistical tables.,An AI can trivially loop through varying statistical thresholds and span parameters to systematically map finding sensitivity.,A human can quickly verify the output by checking standard statistical metrics and top-N lists against expectations.
Dictionary-based sentiment frequency analysis (LIWC or similar fixed lexicon),Sentiment / Stance Corpus,"Pennebaker, J. W., Boyd, R. L., Jordan, K., & Blackburn, K. (2015). The development and psychometric properties of LIWC2015. University of Texas at Austin.",8,8,9,10,10,7,7,10,9,2,9,9,2,This task relies on standard analytical procedures that are highly feasible for human researchers with adequate time.,"This procedure provides standard, significant quantitative evidence essential for empirical claims in this specific sub-field.",Current AI can easily generate and execute the scripts required for this highly structured and mathematical task.,"Within a decade, AI systems will flawlessly automate this task end-to-end with perfect accuracy.","Given no practical constraints, a perfectly rational AI could entirely replace a human for this defined analytical procedure.","Most published papers describe this method adequately enough for an AI to extract a workable, structured specification.","Literature usually reports the core parameters, though minor pre-processing steps may be omitted.",This is a strictly mathematical and algorithmic procedure that guarantees identical outputs given identical inputs and parameters.,"Highly established, robust tools and standard libraries (e.g., AntConc, R packages) exist to execute this end-to-end.","This task is primarily statistical and computational, requiring minimal qualitative interpretation during the execution phase.",AI replication success can be objectively and mathematically verified against published word lists or statistical tables.,An AI can trivially loop through varying statistical thresholds and span parameters to systematically map finding sensitivity.,A human can quickly verify the output by checking standard statistical metrics and top-N lists against expectations.
Epistemic stance marker frequency comparison (hedges and boosters across genres),Sentiment / Stance Corpus,"Hyland, K. (1998). Hedging in scientific research articles. John Benjamins.",8,8,4,6,10,7,7,10,9,2,9,9,2,This task relies on standard analytical procedures that are highly feasible for human researchers with adequate time.,"This procedure provides standard, significant quantitative evidence essential for empirical claims in this specific sub-field.",Current AI struggles with the nuanced contextual and cultural interpretation required for this meaning-driven analysis.,"While improving, highly subjective and deeply contextual human interpretation will remain challenging to fully automate.","Given no practical constraints, a perfectly rational AI could entirely replace a human for this defined analytical procedure.","Most published papers describe this method adequately enough for an AI to extract a workable, structured specification.","Literature usually reports the core parameters, though minor pre-processing steps may be omitted.",This is a strictly mathematical and algorithmic procedure that guarantees identical outputs given identical inputs and parameters.,"Highly established, robust tools and standard libraries (e.g., AntConc, R packages) exist to execute this end-to-end.","This task is primarily statistical and computational, requiring minimal qualitative interpretation during the execution phase.",AI replication success can be objectively and mathematically verified against published word lists or statistical tables.,An AI can trivially loop through varying statistical thresholds and span parameters to systematically map finding sensitivity.,A human can quickly verify the output by checking standard statistical metrics and top-N lists against expectations.
Lexical bundle extraction (Biber-style),Phraseology,"Biber, D., Conrad, S., & Cortes, V. (2004). If you look at…: Lexical bundles in university teaching and textbooks. Applied Linguistics, 25(3), 371–405.",7,9,9,10,10,7,7,10,7,5,7,7,5,"Humans can perform this task through manual counting, though it is extremely tedious and time-consuming at scale.",This task forms the methodological core of highly influential and widely cited approaches in corpus linguistics.,Current AI can easily generate and execute the scripts required for this highly structured and mathematical task.,"Within a decade, AI systems will flawlessly automate this task end-to-end with perfect accuracy.","Given no practical constraints, a perfectly rational AI could entirely replace a human for this defined analytical procedure.","Most published papers describe this method adequately enough for an AI to extract a workable, structured specification.","Literature usually reports the core parameters, though minor pre-processing steps may be omitted.",This is a strictly mathematical and algorithmic procedure that guarantees identical outputs given identical inputs and parameters.,"Established scripts and packages are available, though they may require some custom configuration for this specific task.",The task involves a balance of automated statistical calculation and subsequent qualitative human review.,"Replication can largely be evaluated against published results, though minor discrepancies in tokenisation may complicate exact matching.","The AI can systematically alter primary parameters, though some complex pre-processing variations might be intractable.",Auditing the AI's output requires a moderate amount of human time to check both the statistical results and the underlying logic.
Phraseological frame profiling (p-frames / skipgrams),Phraseology,"Gray, B., & Biber, D. (2013). Lexical frames in academic prose and conversation. International Journal of Corpus Linguistics, 18(1), 109–136.",8,8,7,9,10,7,7,10,7,5,7,7,5,This task relies on standard analytical procedures that are highly feasible for human researchers with adequate time.,"This procedure provides standard, significant quantitative evidence essential for empirical claims in this specific sub-field.",Current AI can handle the technical implementation but may require human guidance for precise theoretical parameterisation.,Future AI agents will likely master the standard parameters and contextual nuances needed to automate this reliably.,"Given no practical constraints, a perfectly rational AI could entirely replace a human for this defined analytical procedure.","Most published papers describe this method adequately enough for an AI to extract a workable, structured specification.","Literature usually reports the core parameters, though minor pre-processing steps may be omitted.",This is a strictly mathematical and algorithmic procedure that guarantees identical outputs given identical inputs and parameters.,"Established scripts and packages are available, though they may require some custom configuration for this specific task.",The task involves a balance of automated statistical calculation and subsequent qualitative human review.,"Replication can largely be evaluated against published results, though minor discrepancies in tokenisation may complicate exact matching.","The AI can systematically alter primary parameters, though some complex pre-processing variations might be intractable.",Auditing the AI's output requires a moderate amount of human time to check both the statistical results and the underlying logic.
Colligation profiling,Grammar–Lexis Interface,"Hoey, M. (2005). Lexical priming: A new theory of words and language. Routledge.",8,8,7,9,10,7,7,10,7,5,7,7,5,This task relies on standard analytical procedures that are highly feasible for human researchers with adequate time.,"This procedure provides standard, significant quantitative evidence essential for empirical claims in this specific sub-field.",Current AI can handle the technical implementation but may require human guidance for precise theoretical parameterisation.,Future AI agents will likely master the standard parameters and contextual nuances needed to automate this reliably.,"Given no practical constraints, a perfectly rational AI could entirely replace a human for this defined analytical procedure.","Most published papers describe this method adequately enough for an AI to extract a workable, structured specification.","Literature usually reports the core parameters, though minor pre-processing steps may be omitted.",This is a strictly mathematical and algorithmic procedure that guarantees identical outputs given identical inputs and parameters.,"Established scripts and packages are available, though they may require some custom configuration for this specific task.",The task involves a balance of automated statistical calculation and subsequent qualitative human review.,"Replication can largely be evaluated against published results, though minor discrepancies in tokenisation may complicate exact matching.","The AI can systematically alter primary parameters, though some complex pre-processing variations might be intractable.",Auditing the AI's output requires a moderate amount of human time to check both the statistical results and the underlying logic.
"Translation universals testing (simplification, explicitation, normalisation)",Corpus-Based Translation Studies,"Baker, M. (1993). Corpus linguistics and translation studies: Implications and applications. In M. Baker, G. Francis, & E. Tognini-Bonelli (Eds.), Text and technology (pp. 233–250). John Benjamins.",8,8,7,9,10,9,7,10,7,5,7,7,5,This task relies on standard analytical procedures that are highly feasible for human researchers with adequate time.,"This procedure provides standard, significant quantitative evidence essential for empirical claims in this specific sub-field.",Current AI can handle the technical implementation but may require human guidance for precise theoretical parameterisation.,Future AI agents will likely master the standard parameters and contextual nuances needed to automate this reliably.,"Given no practical constraints, a perfectly rational AI could entirely replace a human for this defined analytical procedure.","The parameters and thresholds for this task are usually explicitly stated in methodology sections, making extraction straightforward.","Literature usually reports the core parameters, though minor pre-processing steps may be omitted.",This is a strictly mathematical and algorithmic procedure that guarantees identical outputs given identical inputs and parameters.,"Established scripts and packages are available, though they may require some custom configuration for this specific task.",The task involves a balance of automated statistical calculation and subsequent qualitative human review.,"Replication can largely be evaluated against published results, though minor discrepancies in tokenisation may complicate exact matching.","The AI can systematically alter primary parameters, though some complex pre-processing variations might be intractable.",Auditing the AI's output requires a moderate amount of human time to check both the statistical results and the underlying logic.
TTR and MTLD comparison across text types,Lexical Richness / Variation,"McCarthy, P. M., & Jarvis, S. (2010). MTLD, vocd-D, and HD-D: A validation study of sophisticated approaches to lexical diversity assessment. Behavior Research Methods, 42(2), 381–392.",8,8,7,9,10,7,7,10,7,5,7,7,5,This task relies on standard analytical procedures that are highly feasible for human researchers with adequate time.,"This procedure provides standard, significant quantitative evidence essential for empirical claims in this specific sub-field.",Current AI can handle the technical implementation but may require human guidance for precise theoretical parameterisation.,Future AI agents will likely master the standard parameters and contextual nuances needed to automate this reliably.,"Given no practical constraints, a perfectly rational AI could entirely replace a human for this defined analytical procedure.","Most published papers describe this method adequately enough for an AI to extract a workable, structured specification.","Literature usually reports the core parameters, though minor pre-processing steps may be omitted.",This is a strictly mathematical and algorithmic procedure that guarantees identical outputs given identical inputs and parameters.,"Established scripts and packages are available, though they may require some custom configuration for this specific task.",The task involves a balance of automated statistical calculation and subsequent qualitative human review.,"Replication can largely be evaluated against published results, though minor discrepancies in tokenisation may complicate exact matching.","The AI can systematically alter primary parameters, though some complex pre-processing variations might be intractable.",Auditing the AI's output requires a moderate amount of human time to check both the statistical results and the underlying logic.
Automatic term extraction (C-value / NC-value),Terminology Extraction,"Frantzi, K., Ananiadou, S., & Mima, H. (2000). Automatic recognition of multi-word terms: The C-value/NC-value method. International Journal on Digital Libraries, 3(2), 115–130.",7,8,9,10,10,7,7,10,7,5,7,7,5,"Humans can perform this task through manual counting, though it is extremely tedious and time-consuming at scale.","This procedure provides standard, significant quantitative evidence essential for empirical claims in this specific sub-field.",Current AI can easily generate and execute the scripts required for this highly structured and mathematical task.,"Within a decade, AI systems will flawlessly automate this task end-to-end with perfect accuracy.","Given no practical constraints, a perfectly rational AI could entirely replace a human for this defined analytical procedure.","Most published papers describe this method adequately enough for an AI to extract a workable, structured specification.","Literature usually reports the core parameters, though minor pre-processing steps may be omitted.",This is a strictly mathematical and algorithmic procedure that guarantees identical outputs given identical inputs and parameters.,"Established scripts and packages are available, though they may require some custom configuration for this specific task.",The task involves a balance of automated statistical calculation and subsequent qualitative human review.,"Replication can largely be evaluated against published results, though minor discrepancies in tokenisation may complicate exact matching.","The AI can systematically alter primary parameters, though some complex pre-processing variations might be intractable.",Auditing the AI's output requires a moderate amount of human time to check both the statistical results and the underlying logic.
MIPVU metaphor identification on corpus data,Corpus-Based Metaphor Studies,"Steen, G. J., Dorst, A. G., Herrmann, J. B., Kaal, A. A., Krennmayr, T., & Pasma, T. (2010). A method for linguistic metaphor identification: From MIP to MIPVU. John Benjamins.",8,8,4,6,8,7,4,4,5,9,4,3,8,This task relies on standard analytical procedures that are highly feasible for human researchers with adequate time.,"This procedure provides standard, significant quantitative evidence essential for empirical claims in this specific sub-field.",Current AI struggles with the nuanced contextual and cultural interpretation required for this meaning-driven analysis.,"While improving, highly subjective and deeply contextual human interpretation will remain challenging to fully automate.","Subjective interpretation of meaning and communicative intent inherently limits absolute, theoretically perfect AI replacement.","Most published papers describe this method adequately enough for an AI to extract a workable, structured specification.",Authors often fail to explicitly document the qualitative coding criteria and subjective thresholds applied during the analysis.,"Execution relies on probabilistic models or subjective human judgment, meaning identical inputs rarely produce identical outputs.","Software tools exist for data management, but the core analytical steps lack mature, fully automated tool-chains.","The core of this task requires heavy contextual interpretation, theoretical reasoning, and qualitative human judgment.","Ground truth is highly subjective, making it difficult to objectively measure replication success without inter-rater reliability metrics.",Systematic parameter variation is computationally difficult because the task relies on rigid qualitative coding frameworks rather than numerical variables.,Verifying the output requires extensive human time to manually re-read texts and audit complex qualitative coding decisions.
LDA topic modelling for corpus exploration,Computational Corpus Exploration,"Brookes, G., & McEnery, T. (2019). The utility of topic modelling for discourse studies: A critical evaluation. Discourse Studies, 21(1), 3–21.",4,8,7,9,10,7,7,4,7,5,7,7,5,Human computation of complex multidimensional models or large-scale topic modelling is practically infeasible without computational tools.,"This procedure provides standard, significant quantitative evidence essential for empirical claims in this specific sub-field.",Current AI can handle the technical implementation but may require human guidance for precise theoretical parameterisation.,Future AI agents will likely master the standard parameters and contextual nuances needed to automate this reliably.,"Given no practical constraints, a perfectly rational AI could entirely replace a human for this defined analytical procedure.","Most published papers describe this method adequately enough for an AI to extract a workable, structured specification.","Literature usually reports the core parameters, though minor pre-processing steps may be omitted.","Execution relies on probabilistic models or subjective human judgment, meaning identical inputs rarely produce identical outputs.","Established scripts and packages are available, though they may require some custom configuration for this specific task.",The task involves a balance of automated statistical calculation and subsequent qualitative human review.,"Replication can largely be evaluated against published results, though minor discrepancies in tokenisation may complicate exact matching.","The AI can systematically alter primary parameters, though some complex pre-processing variations might be intractable.",Auditing the AI's output requires a moderate amount of human time to check both the statistical results and the underlying logic.
Effect-size-based keyness meta-analysis (Log Ratio / %DIFF),Keyness Meta-Analysis,"Hardie, A. (2014). Log Ratio: An informal introduction [Blog post]. ESRC Centre for Corpus Approaches to Social Science (CASS).",8,8,7,9,10,7,7,10,7,5,7,7,5,This task relies on standard analytical procedures that are highly feasible for human researchers with adequate time.,"This procedure provides standard, significant quantitative evidence essential for empirical claims in this specific sub-field.",Current AI can handle the technical implementation but may require human guidance for precise theoretical parameterisation.,Future AI agents will likely master the standard parameters and contextual nuances needed to automate this reliably.,"Given no practical constraints, a perfectly rational AI could entirely replace a human for this defined analytical procedure.","Most published papers describe this method adequately enough for an AI to extract a workable, structured specification.","Literature usually reports the core parameters, though minor pre-processing steps may be omitted.",This is a strictly mathematical and algorithmic procedure that guarantees identical outputs given identical inputs and parameters.,"Established scripts and packages are available, though they may require some custom configuration for this specific task.",The task involves a balance of automated statistical calculation and subsequent qualitative human review.,"Replication can largely be evaluated against published results, though minor discrepancies in tokenisation may complicate exact matching.","The AI can systematically alter primary parameters, though some complex pre-processing variations might be intractable.",Auditing the AI's output requires a moderate amount of human time to check both the statistical results and the underlying logic.
Register-feature co-occurrence network analysis,Register / Genre Analysis,"Brezina, V., McEnery, T., & Wattam, S. (2015). Collocations in context: A new perspective on collocation networks. International Journal of Corpus Linguistics, 20(2), 139–173.",7,8,7,9,10,7,7,10,7,5,7,7,5,"Humans can perform this task through manual counting, though it is extremely tedious and time-consuming at scale.","This procedure provides standard, significant quantitative evidence essential for empirical claims in this specific sub-field.",Current AI can handle the technical implementation but may require human guidance for precise theoretical parameterisation.,Future AI agents will likely master the standard parameters and contextual nuances needed to automate this reliably.,"Given no practical constraints, a perfectly rational AI could entirely replace a human for this defined analytical procedure.","Most published papers describe this method adequately enough for an AI to extract a workable, structured specification.","Literature usually reports the core parameters, though minor pre-processing steps may be omitted.",This is a strictly mathematical and algorithmic procedure that guarantees identical outputs given identical inputs and parameters.,"Established scripts and packages are available, though they may require some custom configuration for this specific task.",The task involves a balance of automated statistical calculation and subsequent qualitative human review.,"Replication can largely be evaluated against published results, though minor discrepancies in tokenisation may complicate exact matching.","The AI can systematically alter primary parameters, though some complex pre-processing variations might be intractable.",Auditing the AI's output requires a moderate amount of human time to check both the statistical results and the underlying logic.
Collexeme analysis (construction–lexeme attraction),Collostructional Analysis,"Stefanowitsch, A., & Gries, S. Th. (2003). Collostructions: Investigating the interaction of words and constructions. International Journal of Corpus Linguistics, 8(2), 209–243.",8,9,7,9,10,7,7,10,7,5,7,7,5,This task relies on standard analytical procedures that are highly feasible for human researchers with adequate time.,This task forms the methodological core of highly influential and widely cited approaches in corpus linguistics.,Current AI can handle the technical implementation but may require human guidance for precise theoretical parameterisation.,Future AI agents will likely master the standard parameters and contextual nuances needed to automate this reliably.,"Given no practical constraints, a perfectly rational AI could entirely replace a human for this defined analytical procedure.","Most published papers describe this method adequately enough for an AI to extract a workable, structured specification.","Literature usually reports the core parameters, though minor pre-processing steps may be omitted.",This is a strictly mathematical and algorithmic procedure that guarantees identical outputs given identical inputs and parameters.,"Established scripts and packages are available, though they may require some custom configuration for this specific task.",The task involves a balance of automated statistical calculation and subsequent qualitative human review.,"Replication can largely be evaluated against published results, though minor discrepancies in tokenisation may complicate exact matching.","The AI can systematically alter primary parameters, though some complex pre-processing variations might be intractable.",Auditing the AI's output requires a moderate amount of human time to check both the statistical results and the underlying logic.
Distinctive collexeme analysis (near-synonymous construction comparison),Collostructional Analysis,"Gries, S. Th., & Stefanowitsch, A. (2004). Extending collostructional analysis: A corpus-based perspective on 'alternations'. International Journal of Corpus Linguistics, 9(1), 97–129.",8,9,7,9,10,7,7,10,7,5,7,7,5,This task relies on standard analytical procedures that are highly feasible for human researchers with adequate time.,This task forms the methodological core of highly influential and widely cited approaches in corpus linguistics.,Current AI can handle the technical implementation but may require human guidance for precise theoretical parameterisation.,Future AI agents will likely master the standard parameters and contextual nuances needed to automate this reliably.,"Given no practical constraints, a perfectly rational AI could entirely replace a human for this defined analytical procedure.","Most published papers describe this method adequately enough for an AI to extract a workable, structured specification.","Literature usually reports the core parameters, though minor pre-processing steps may be omitted.",This is a strictly mathematical and algorithmic procedure that guarantees identical outputs given identical inputs and parameters.,"Established scripts and packages are available, though they may require some custom configuration for this specific task.",The task involves a balance of automated statistical calculation and subsequent qualitative human review.,"Replication can largely be evaluated against published results, though minor discrepancies in tokenisation may complicate exact matching.","The AI can systematically alter primary parameters, though some complex pre-processing variations might be intractable.",Auditing the AI's output requires a moderate amount of human time to check both the statistical results and the underlying logic.
Behavioural profile analysis (polysemy clustering via ID tags),Corpus-Based Cognitive Linguistics,"Gries, S. Th., & Divjak, D. (2009). Behavioral profiles: A corpus-based approach to cognitive semantic analysis. In V. Evans & S. Pourcel (Eds.), New directions in cognitive linguistics (pp. 57–75). John Benjamins.",8,8,7,9,10,7,7,10,7,5,7,7,5,This task relies on standard analytical procedures that are highly feasible for human researchers with adequate time.,"This procedure provides standard, significant quantitative evidence essential for empirical claims in this specific sub-field.",Current AI can handle the technical implementation but may require human guidance for precise theoretical parameterisation.,Future AI agents will likely master the standard parameters and contextual nuances needed to automate this reliably.,"Given no practical constraints, a perfectly rational AI could entirely replace a human for this defined analytical procedure.","Most published papers describe this method adequately enough for an AI to extract a workable, structured specification.","Literature usually reports the core parameters, though minor pre-processing steps may be omitted.",This is a strictly mathematical and algorithmic procedure that guarantees identical outputs given identical inputs and parameters.,"Established scripts and packages are available, though they may require some custom configuration for this specific task.",The task involves a balance of automated statistical calculation and subsequent qualitative human review.,"Replication can largely be evaluated against published results, though minor discrepancies in tokenisation may complicate exact matching.","The AI can systematically alter primary parameters, though some complex pre-processing variations might be intractable.",Auditing the AI's output requires a moderate amount of human time to check both the statistical results and the underlying logic.
Idiolectal style marker profiling,Forensic Linguistics,"Grant, T. (2013). TXT 4N6: Method, consistency, and distinctiveness in the analysis of SMS text messages. Journal of Law and Policy, 21(2), 467–494.",8,8,7,9,10,7,7,10,7,5,7,7,5,This task relies on standard analytical procedures that are highly feasible for human researchers with adequate time.,"This procedure provides standard, significant quantitative evidence essential for empirical claims in this specific sub-field.",Current AI can handle the technical implementation but may require human guidance for precise theoretical parameterisation.,Future AI agents will likely master the standard parameters and contextual nuances needed to automate this reliably.,"Given no practical constraints, a perfectly rational AI could entirely replace a human for this defined analytical procedure.","Most published papers describe this method adequately enough for an AI to extract a workable, structured specification.","Literature usually reports the core parameters, though minor pre-processing steps may be omitted.",This is a strictly mathematical and algorithmic procedure that guarantees identical outputs given identical inputs and parameters.,"Established scripts and packages are available, though they may require some custom configuration for this specific task.",The task involves a balance of automated statistical calculation and subsequent qualitative human review.,"Replication can largely be evaluated against published results, though minor discrepancies in tokenisation may complicate exact matching.","The AI can systematically alter primary parameters, though some complex pre-processing variations might be intractable.",Auditing the AI's output requires a moderate amount of human time to check both the statistical results and the underlying logic.
Speech-act frequency profiling in spoken corpora,Corpus Pragmatics,"Aijmer, K., & Rühlemann, C. (Eds.). (2015). Corpus pragmatics: A handbook. Cambridge University Press.",7,8,9,10,10,7,7,10,9,2,9,9,2,"Humans can perform this task through manual counting, though it is extremely tedious and time-consuming at scale.","This procedure provides standard, significant quantitative evidence essential for empirical claims in this specific sub-field.",Current AI can easily generate and execute the scripts required for this highly structured and mathematical task.,"Within a decade, AI systems will flawlessly automate this task end-to-end with perfect accuracy.","Given no practical constraints, a perfectly rational AI could entirely replace a human for this defined analytical procedure.","Most published papers describe this method adequately enough for an AI to extract a workable, structured specification.","Literature usually reports the core parameters, though minor pre-processing steps may be omitted.",This is a strictly mathematical and algorithmic procedure that guarantees identical outputs given identical inputs and parameters.,"Highly established, robust tools and standard libraries (e.g., AntConc, R packages) exist to execute this end-to-end.","This task is primarily statistical and computational, requiring minimal qualitative interpretation during the execution phase.",AI replication success can be objectively and mathematically verified against published word lists or statistical tables.,An AI can trivially loop through varying statistical thresholds and span parameters to systematically map finding sensitivity.,A human can quickly verify the output by checking standard statistical metrics and top-N lists against expectations.
Variationist frequency analysis with mixed-effects modelling,Corpus-Based Sociolinguistics,"Tagliamonte, S. A., & Baayen, R. H. (2012). Models, forests, and trees of York English: Was/were variation as a case study for statistical practice. Language Variation and Change, 24(2), 135–178.",4,8,9,10,10,7,7,10,9,2,9,9,2,Human computation of complex multidimensional models or large-scale topic modelling is practically infeasible without computational tools.,"This procedure provides standard, significant quantitative evidence essential for empirical claims in this specific sub-field.",Current AI can easily generate and execute the scripts required for this highly structured and mathematical task.,"Within a decade, AI systems will flawlessly automate this task end-to-end with perfect accuracy.","Given no practical constraints, a perfectly rational AI could entirely replace a human for this defined analytical procedure.","Most published papers describe this method adequately enough for an AI to extract a workable, structured specification.","Literature usually reports the core parameters, though minor pre-processing steps may be omitted.",This is a strictly mathematical and algorithmic procedure that guarantees identical outputs given identical inputs and parameters.,"Highly established, robust tools and standard libraries (e.g., AntConc, R packages) exist to execute this end-to-end.","This task is primarily statistical and computational, requiring minimal qualitative interpretation during the execution phase.",AI replication success can be objectively and mathematically verified against published word lists or statistical tables.,An AI can trivially loop through varying statistical thresholds and span parameters to systematically map finding sensitivity.,A human can quickly verify the output by checking standard statistical metrics and top-N lists against expectations.
Spelling-variant normalisation pipeline (VARD),Historical Corpus Linguistics,"Baron, A., & Rayson, P. (2008). VARD2: A tool for dealing with spelling variation in historical corpora. In Proceedings of the Postgraduate Conference in Corpus Linguistics. Aston University.",8,8,7,9,10,7,7,10,7,5,7,7,5,This task relies on standard analytical procedures that are highly feasible for human researchers with adequate time.,"This procedure provides standard, significant quantitative evidence essential for empirical claims in this specific sub-field.",Current AI can handle the technical implementation but may require human guidance for precise theoretical parameterisation.,Future AI agents will likely master the standard parameters and contextual nuances needed to automate this reliably.,"Given no practical constraints, a perfectly rational AI could entirely replace a human for this defined analytical procedure.","Most published papers describe this method adequately enough for an AI to extract a workable, structured specification.","Literature usually reports the core parameters, though minor pre-processing steps may be omitted.",This is a strictly mathematical and algorithmic procedure that guarantees identical outputs given identical inputs and parameters.,"Established scripts and packages are available, though they may require some custom configuration for this specific task.",The task involves a balance of automated statistical calculation and subsequent qualitative human review.,"Replication can largely be evaluated against published results, though minor discrepancies in tokenisation may complicate exact matching.","The AI can systematically alter primary parameters, though some complex pre-processing variations might be intractable.",Auditing the AI's output requires a moderate amount of human time to check both the statistical results and the underlying logic.
Forced-alignment-based duration analysis (Montreal Forced Aligner),Corpus Phonetics,"McAuliffe, M., Socolof, M., Mihuc, S., Wagner, M., & Sonderegger, M. (2017). Montreal Forced Aligner: Trainable text-speech alignment using Kaldi. In Proceedings of Interspeech 2017 (pp. 498–502).",8,8,7,9,10,7,7,10,7,5,7,7,5,This task relies on standard analytical procedures that are highly feasible for human researchers with adequate time.,"This procedure provides standard, significant quantitative evidence essential for empirical claims in this specific sub-field.",Current AI can handle the technical implementation but may require human guidance for precise theoretical parameterisation.,Future AI agents will likely master the standard parameters and contextual nuances needed to automate this reliably.,"Given no practical constraints, a perfectly rational AI could entirely replace a human for this defined analytical procedure.","Most published papers describe this method adequately enough for an AI to extract a workable, structured specification.","Literature usually reports the core parameters, though minor pre-processing steps may be omitted.",This is a strictly mathematical and algorithmic procedure that guarantees identical outputs given identical inputs and parameters.,"Established scripts and packages are available, though they may require some custom configuration for this specific task.",The task involves a balance of automated statistical calculation and subsequent qualitative human review.,"Replication can largely be evaluated against published results, though minor discrepancies in tokenisation may complicate exact matching.","The AI can systematically alter primary parameters, though some complex pre-processing variations might be intractable.",Auditing the AI's output requires a moderate amount of human time to check both the statistical results and the underlying logic.
MLU and morpheme-emergence profiling on CHILDES data,Child Language Corpora,"MacWhinney, B. (2000). The CHILDES project: Tools for analyzing talk (3rd ed.). Lawrence Erlbaum Associates.",8,8,7,9,10,7,7,10,7,5,7,7,5,This task relies on standard analytical procedures that are highly feasible for human researchers with adequate time.,"This procedure provides standard, significant quantitative evidence essential for empirical claims in this specific sub-field.",Current AI can handle the technical implementation but may require human guidance for precise theoretical parameterisation.,Future AI agents will likely master the standard parameters and contextual nuances needed to automate this reliably.,"Given no practical constraints, a perfectly rational AI could entirely replace a human for this defined analytical procedure.","Most published papers describe this method adequately enough for an AI to extract a workable, structured specification.","Literature usually reports the core parameters, though minor pre-processing steps may be omitted.",This is a strictly mathematical and algorithmic procedure that guarantees identical outputs given identical inputs and parameters.,"Established scripts and packages are available, though they may require some custom configuration for this specific task.",The task involves a balance of automated statistical calculation and subsequent qualitative human review.,"Replication can largely be evaluated against published results, though minor discrepancies in tokenisation may complicate exact matching.","The AI can systematically alter primary parameters, though some complex pre-processing variations might be intractable.",Auditing the AI's output requires a moderate amount of human time to check both the statistical results and the underlying logic.
CEFR-aligned lexical profiling (EVP / TAALES),Language Testing / Assessment,"Kyle, K., Crossley, S., & Berger, C. (2018). The tool for the automatic analysis of lexical sophistication (TAALES): Version 2.0. Behavior Research Methods, 50(3), 1030–1046.",8,8,7,9,10,7,7,10,7,5,7,7,5,This task relies on standard analytical procedures that are highly feasible for human researchers with adequate time.,"This procedure provides standard, significant quantitative evidence essential for empirical claims in this specific sub-field.",Current AI can handle the technical implementation but may require human guidance for precise theoretical parameterisation.,Future AI agents will likely master the standard parameters and contextual nuances needed to automate this reliably.,"Given no practical constraints, a perfectly rational AI could entirely replace a human for this defined analytical procedure.","Most published papers describe this method adequately enough for an AI to extract a workable, structured specification.","Literature usually reports the core parameters, though minor pre-processing steps may be omitted.",This is a strictly mathematical and algorithmic procedure that guarantees identical outputs given identical inputs and parameters.,"Established scripts and packages are available, though they may require some custom configuration for this specific task.",The task involves a balance of automated statistical calculation and subsequent qualitative human review.,"Replication can largely be evaluated against published results, though minor discrepancies in tokenisation may complicate exact matching.","The AI can systematically alter primary parameters, though some complex pre-processing variations might be intractable.",Auditing the AI's output requires a moderate amount of human time to check both the statistical results and the underlying logic.
